id,mapudungun,raiz,gramatica,castellano,ejemplo
01020127010909,achawall,achawall,sustantivo,"gallina, pollo",<dl><dt>Feytichi achawall niey mari epu pichike achawall.</dt> <dd>‘La gallina tiene doce pollitos.’ [CTM1:5]</dd></dl>
010308071322253513,adkintun,adkintu–n,verbo,"mirar, divisar",
01032612352613,adümün,adüm–ün,verbo,entender,
0103270112352613,adwamün,adwam–ün,verbo,verse bien (vestimenta),
0103352613,adün,ad–ün,verbo,ser bonito,
01050105013513,afafan,afafa–n,verbo,"hacer afafan, arengar",
0105120122253513,afmatun,afmatu–n,verbo,admirar,
0105261235,afümün,afüm–,verbo,"cocer, cocinar","<dl><dt>Afüm ilo achawall, afümkünu kuram.</dt><dd> ‘Pollo cocido, huevos cocidos.’ [CNKN:30]</dd></dl>"
0105263513,afün,afü–n,verbo,"cocinarse, madurar",
0105352613,afün,af–ün,verbo,acabar,
0108253513,akun,aku–n,verbo,llegar,"<dl><dt>Feymew akuy ti pu mangel, ñi palu ka ñi malle, epe afüchi iyael mew. </dt><dd>Entonces, cuando llegaron los invitados, mi tía y mi tío, la carne estaba casi lista. [PDG:3]</dd><dt>Akulay ñi fokipelu, lluatuley engün chi pu koṉa.</dt><dd>Como no llegaron los que fueron por los boquis, todos los trabajadores quedaron esperando.[FTM2:14]</dd></dl>"
010907270413,aliwen,aliwen,sustantivo,árbol,
01090801,alka,alka,sustantivo,gallo,"<dl><dt>Feychi mew ti alka dewma diwtu kakaramekekey, fey engün am kimkelu tañi küpalen feychi wüṉ</dt><dd> También en esos momentos el gallo ya está cantando muy seguido, porque el gallo sabe que viene la mañana. [FED3:10]</dd></dl>"
010909052609352613,allfülün,allfül–ün,verbo,herir,
01090905263513,allfün,allfü–n,verbo,herirse,
010909082622253513,allkütun,allkütu–n,verbo,escuchar,
01090908263513,allkün,allkü–n,verbo,oir,
010926182619013513,alüpüran,alüpüra–n,verbo,ser alto,
010926192518013513,alürupan,alürupa–n,verbo,ser ancho,
010926222527352613,alütuwün,alütuw–ün,verbo,ser largo (distancia),
0112040908011322253513,amelkantun,amelkantu–n,verbo,actuar teatralmente,
0112253513,amun,amu–n,verbo,ir,
01132226,antü,antü,sustantivo,sol,<dl><dt>Kiñe antü mew dewkelay ta küdaw</dt><dd>El trabajo no se concluye en un día [CTM2:10]</dd></dl>
01132612352613,anümün,anüm–ün,verbo,plantar,
0113262704,anüwe,anüwe,sustantivo,trasero,<dl><dt>Kintuñmarkeeyew kuse pangküll ñi anüwe mew.</dt><dd>Cuando se allegó bien la leona (a su trasero) [KTN:24]</dd></dl>
0113263513,anün,anü–n,verbo,sentarse,
0116082612352613,angkümün,angküm–ün,verbo,secar (algo),
01181709352613,apolün,apol–ün,verbo,llenar,
01190409352613,arelün,arel–ün,verbo,prestar,
01190412352613,aremün,arem–ün,verbo,calentar,
01190413222509043513,arentulen,arentule–n,verbo,tener calor,"<dl><dt>Epu kurewen amuletulu ruka mew, perputuy kiñe maykoño rume arentulelu wenu kiñe mayten new.</dt><dd>Un matrimonio que se iba para la casa, vio al pasar una tórtola acalorada arriba de un maitén. [CWM:27]</dd></dl>"
0119041322253513,arentun,arentu–n,verbo,"tener calor, acalorarse",
01190416043513,arengen,arenge–n,verbo,ser caluroso,
01190422253513,aretun,aretu–n,verbo,conseguir,
0119043513,aren,are–n,verbo,tener calor,
0119122519352613,armurün,armur–ün,verbo,titubear (ej. cuando dos personas van a tomar un objeto),
01191705352613,arofün,arof–ün,verbo,transpirar,
0127012704,awawe,awawe,sustantivo,violeta,
01270712352613,awimün,awim–ün,verbo,calentar (aseite),
012708011322253513,awkantun,awkantu–n,verbo,jugar,<dl><dt>Fey kisu awkantulekey tañi umawtunoam.</dt><dd>El siempre juega para no quedarse dormido. [CWM:17]</dd></dl>
01280408013513,ayekan,ayeka–n,verbo,"divertirse, bromear",
01280409043513,ayelen,ayele–n,verbo,sonreir,
0128043513,ayen,aye–n,verbo,reir,
0128090901,aylla,aylla,sustantivo,nueve,"<dl><dt>Tüfachi Aylla Trokiñ Mapu chew taiñ mülemum iñchiñ, fey rume küme admapungey, itrofill mew ayüfali. </dt><dd>Esta tierra, la Novena Región donde vivimos nosotros, es muy bonita y tiene mucha importancia. [FED1:3]</dd></dl>"
012826050109,ayüfal,ayüfal,adjetivo,agradable,"<dl><dt> müṉa ayüfal kümeke üy nierkey engün ka iñche kafey kom taiñ pu mapuchengen, pi.</dt><dd>Todos nosotros los mapuches tenemos buenos nombres, dice. [FED1:20]</dd></dl>"
01282627082609043513,ayiwkülen,ayüwküle–n,verbo,estar contento,
01282627352613,ayüwün,ayüw–ün,verbo,alegrarse,
0128263513,ayün,ayü–n,verbo,gustar,
020105352613,chafün,chaf–ün,verbo,"cortar, pelar",
02010622253513,chagtun,chagtu–n,verbo,"insultar, contestar de mala manera",
02010907041322253513,chalientun,chalientu–n,verbo,despedirse,
0201090722253513,chalitun,chalitu–n,verbo,despedirse,
0201090727352613,chaliwün,chaliw–ün,verbo,saludarse,
020109073513,chalin,chali–n,verbo,saludar,
0201090901,challa,challa,sustantivo,olla,
020109091705352613,challofün,challof–ün,verbo,machucar,
0201090927013513,challwan,challwa–n,verbo,pescar,
020109222529120128!,chaltu may!,chaltu may!,expresión,gracias,
020116,chang,chang,sustantivo,pierna,
0201162609092908262726,changüll küwü,changüll küwü,sustantivo,dedos de la mano,
020116260909291301122613,changüll namün,changüll namün,sustantivo,"dedos de los pies, ortejos",
02011804,chape,chape,sustantivo,trenza,
0201182603352613,chapüdün,chapüd–ün,verbo,aplanar (ej. masas),
0201270128,chaway,chaway,sustantivo,aros,
02012822253513,chaytun,chaytu–n,verbo,colar con chaywe,
02040508263513,chefkün,chefkü–n,verbo,"aventar, limpiar aventando",
02040801092609,chekalül,chekalül,sustantivo,esqueleto,
0204081703082609043513,chekodkülen,chekodküle–n,verbo,estar en cuclillas,
020412082613,chemkün,chemkün,sustantivo,objetos,
02041216043513,chemngen,chemnge–n,verbo,¿qué ser?,
02041218073513,chempin,chempi–n,verbo,¿qué decir?,
020412352613,chemün,chem–ün,verbo,tratar bien,
0207052515352613,chifuñün,chifuñ–ün,verbo,oler mal,
02070909080122253513,chillkatun,chillkatu–n,verbo,"estudiar, leer",
0217021708263513,chochokün,chochokü–n,verbo,azuzar (trewa),
021703,chod,chod,sustantivo,amarillo,
0217081709043513,chokolen,chokole–n,verbo,estar entumido,
02171517080713,choñokin,choñokin,sustantivo,codo,
0217162612263513,chongümün,chongümü–n,verbo,apagar,
021716352613,chongün,chong–ün,verbo,"apagarse, extinguirse",
0217280804,choyke,choyke,sustantivo,ñandú,
0217280804291825192513,choyke purun,choyke purun,sustantivo,danza del ñandú,
0217282616043513,choyüngen,choyünge–n,verbo,"ser parido, nacer",
021728263513,choyün,choyü–n,verbo,brotar,
0225120904281207290112?,chumleymi am?,chumleymi am?,expresión,¿cómo estás?,
022512352613,chumün,chum–ün,verbo,¿qué hacer?,
022518073513,chupin,chupi–n,verbo,decir tonteras,
03010909253513,dallun,dallu–n,verbo,acusar,
030118073513,dapin,dapi–n,verbo,cuidar,
0304060715,degiñ,degiñ,sustantivo,volcán,
03042712010728010409352613,dewmaiyalün,dewmaiyael–ün,verbo,hacer comida,
03042712013513,dewman,dewma–n,verbo,"hacer, terminar",
03042726,dewü,dewü,sustantivo,ratón,
03070217270429020116260909,dichowe changüll,dichowe changüll,sustantivo,dedo índice,
0307182609092704,dipüllwe,dipüllwe,sustantivo,pala para detalles,
030722253513,ditun,ditu–n,verbo,alcanzar,
0307270415,diweñ,diweñ,sustantivo,digüeñes,
030727070909352613,diwillün,diwill–ün,verbo,revolver,
03073513,din,di–n,verbo,alcanzar,
03171217291826150415,domo püñeñ,domo püñeñ,sustantivo,hija de mamá,
03250112352613,duamün,duam–ün,verbo,"necesitar, desear",
03250909073513,dullin,dulli–n,verbo,escoger,
032516253513,dungun,dungu–n,verbo,hablar,
0326150715,düñiñ,düñiñ,sustantivo,ceja,
04020409352613,echelün,echel–ün,verbo,guardar (p. ej. comida),
04020727352613,echiwün,echiw–ün,verbo,estornudar,
04090116040207,elangechi,elangechi,adjetivo,"lindo, linda",
040901160402072903171217,elangechi domo,elangechi domo,adjetivo,mujer hermosa,
04090116040207292704132425,elangechi wentru,elangechi wentru,adjetivo,hombre hermoso,
04090908013513,ellkan,ellka–n,verbo,esconder,
0409253513,elun,elu–n,verbo,dar,
0409352613,elün,el–ün,verbo,"dejar, guardar",
041218041907090925,emperillu,emperillu,sustantivo,membrillo,
041322253513,entun,entu–n,verbo,sacar,
0415251222253513,eñumtun,eñumtu–n,verbo,calentar,
041825,epu,epu,sustantivo,dos,
04282622253513,eyütun,eyütu–n,verbo,quejarse,
050109050109352613,falfalün,falfal–ün,verbo,"saltear comida, verduras, etc.",
050109073513,falin,fali–n,verbo,esp. valer,
0501090804,falke,falke,sustantivo,hombro,
05010922013513,faltan,falta–n,verbo,esp. faltar,
0501282612352613,fayümün,fayüm–ün,verbo,"leudar, hacer fermentar",
050128352613,fayün,fay–ün,verbo,fermentarse,
"0504090413,290504090413","felen, felen","felen, felen",expresión,estar más o menos,
0504090428,feley,feley,expresión,así es.,
050428041322253513,feyentun,feyentu–n,verbo,"creer, obedecer",
050709090103082609043513,filladkülen,filladküle–n,verbo,ser pobre,
05070909010322253513,filladtun,filladtu–n,verbo,hacer daño,
05070909013513,fillan,filla–n,verbo,carecer,
05070925,filu,filu,sustantivo,serpiente,
0517020703352613,fochidün,fochid–ün,verbo,chupar,
05171917,foro,foro,sustantivo,"dientes, huesos",
0517222612,fotüm,fotüm,sustantivo,hijo de papá,
05251907,furi,furi,sustantivo,espalda,
0526021713,füchon,füchon,sustantivo,evaporización,
05260317,füdo,füdo,sustantivo,ombligo,
0526092612352613,fülümün,fülüm–ün,verbo,acercar,
0526190413043513,fürenen,fürene–n,verbo,favorecer,
052619073513,fürin,füri–n,verbo,esp. freir,
0526220116043513,fütangen,fütange–n,verbo,"casarse, tener esposo",
0526240129020116260909,fütra changüll,fütra changüll,sustantivo,dedo pulgar,
052627352613,füwün,füw–ün,verbo,hilar,
070909011222253513,illamtun,illamtu–n,verbo,despreciar,
07090908253513,illkun,illku–n,verbo,enojarse,
0712181709352613,impolün,impol–ün,verbo,esp. envolver,
0713013513,inan,ina–n,verbo,seguir,
0713222508253513,intukun,intuku–n,verbo,"comer con algo, acompañar una comida",
07160105081713290817,ingafkon ko,ingafkon ko,expresión,infiltración del agua,
071608013513,ingkan,ingka–n,verbo,defender,
0716082609043513,ingkülen,ingküle–n,verbo,"estar recto, derecho",
07241705070909291217160413,itrofill mongen,itrofill mongen,sustantivo,naturaleza,
0728010409,iyael,iyael,sustantivo,comida,
072801040922253513,iyaeltun,iyaeltu–n,verbo,cocinar,
073513,in,i–n,verbo,comer,
08010307,kadi,kadi,sustantivo,costilla,
08010308012707090901,kadkawilla,kadkawilla,sustantivo,kazkawilla,
080103250112352613,kaduamün,kaduam–ün,verbo,cambiar de opinión,
08010326,kadü,kadü,sustantivo,plomo,
0801050422253513,kafetun,kafetu–n,verbo,esp. tomar café,
08010508263513,kafkün,kafkü–n,verbo,cuchichear,
08010513013513,kafnan,kafna–n,verbo,"rayar, raspar",
0801052619352613,kafürün,kafür–ün,verbo,raspar,
08010817,kako,kako,sustantivo,mote,
0801082613253513,kakünun,kakünu–n,verbo,cambiar,
080109,kal,kal,sustantivo,vello,
080109090526,kallfü,kallfü,sustantivo,azul,
08010909052609043513,kallfülen,kallfüle–n,verbo,"estar morado, amoratarse.",
08010926090826030127352613,kalülküdawün,kalülküdaw–ün,verbo,hacer ejercicios,
080109290917160817,kal longko,kal longko,sustantivo,cabello,
08011201182509043513,kamapulen,kamapule–n,verbo,estar lejos,
080118261901,kapüra,kapüra,sustantivo,cabra,
08011926,karü,karü,sustantivo,verde,
080122013513,katan,kata–n,verbo,perforar,
0801242608013513,katrükan,katrüka–n,verbo,picar.,
0801242622253513,katrütun,katrütu–n,verbo,"detener, atajar, parar",
080124263513,katrün,katrü–n,verbo,cortar,
08012704090925,kawellu,kawellu,sustantivo,caballo,
08012825,kayu,kayu,sustantivo,seis,
080402013513,kechan,kecha–n,verbo,"echar, arrear",
08040225,kechu,kechu,sustantivo,cinco,
0804050105013513,kefafan,kefafa–n,verbo,"hacer kefafan, arengar",
0804050119352613,kefarün,kefar–ün,verbo,raparse (p. ej. pelo),
080409090415,kelleñ,kelleñ,sustantivo,frutilla,
08040909253513,kellun,kellu–n,verbo,ayudar,
080409220113222513,keltantun,keltantun,sustantivo,cintillo,
08040926,kelü,kelü,sustantivo,rojo,
08040926021703,kelüchod,kelüchod,sustantivo,naranjo,
080424013513,ketran,ketra–n,verbo,arar,
08042404,ketre,ketre,sustantivo,mentón,
080427013513,kewan,kewa–n,verbo,pelear,
0804272613,kewün,kewün,sustantivo,lengua,
08042726132908252407,kewün kutri,kewün kutri,sustantivo,clítoris,
0807032509043513,kidulen,kidule–n,verbo,"estar solo, vivir solo",
08070807,kiki,kiki,sustantivo,quique,
080709080128222508253513,kilkaytukun,kilkaytuku–n,verbo,colgar (algo) del cuello,
080712040922253513,kimeltun,kimeltu–n,verbo,enseñar,
080712352613,kimün,kim–ün,verbo,"saber, conocer, aprender",
08071322253513,kintun,kintu–n,verbo,buscar,
08071504,kiñe,kiñe,sustantivo,uno,
0817,ko,ko,sustantivo,agua,
0817050712352613,kofimün,kofim–ün,verbo,calentar,
081705080422253513,kofketun,kofketu–n,verbo,comer pan,
08170508043513,kofken,kofke–n,verbo,hacer pan,
0817052619,kofür,kofür,sustantivo,quirquincho,
0817090420,koles,koles,sustantivo,repollo,
081709043513,kolen,kole–n,verbo,estar aguado,
081709091705,kollof,kollof,sustantivo,cochallullo,
08170926,kolü,kolü,sustantivo,café,
0817092605352613,kolüfün,kolüf–ün,verbo,dorarse mucho (p. ej. la comida),
081713352613,konün,kon–ün,verbo,entrar,
0817151709,koñol,koñol,sustantivo,morado,
0817180727,kopiw,kopiw,sustantivo,pepino del copihue,
081722263513,kotün,kotü–n,verbo,tostar,
081728090122253513,koylatun,koylatu–n,verbo,mentir,
08250307,kudi,kudi,sustantivo,piedra de moler,
082503253513,kudun,kudu–n,verbo,acostarse,
08250901132225,kulantu,kulantu,sustantivo,cilantro,
08250909073513,kullin,kulli–n,verbo,pagar,
0825090908250909,kullkull,kullkull,sustantivo,kullkull,
08250909251222253513,kullumtun,kullumtu–n,verbo,lavarse la cara,
082509242516,kultrung,kultrung,sustantivo,cultrún,
08251325272613,kunuwün,kunuwün,verbo,"tomar la dirección o postura (p. ej. man püle, wele püle)",
0825152609352613,kuñülün,kuñül–ün,verbo,"sentir lástima, compadecerse",
0825180709352613,kupilün,kupil–ün,verbo,cortar el cabello,
08251901091604,kuralnge,kuralnge,sustantivo,iris del ojo,
0825190416043513,kurengen,kurenge–n,verbo,"casarse, tener esposa",
08251926,kurü,kurü,sustantivo,negro,
0825240113352613,kutranün,kutran–ün,verbo,"doler, tener un dolor, enfermarse",
08252407,kutri,kutri,sustantivo,vagina,
08260201051719173513,küchaforon,küchaforo–n,verbo,lavarse los dientes,
08260201082627352613,küchaküwün,küchaküw–ün,verbo,lavarse las manos,
08260201190109073513,kücharalin,kücharali–n,verbo,lavar platos,
08260201222527040301080409253513,küchatuwedakelun,küchatuwedakelu–n,verbo,lavar ropa,
082602013513,küchan,kücha–n,verbo,lavar,
082602253513,küchun,küchu–n,verbo,"mojarse, empaparse",
0826030115,küdañ,küdañ,sustantivo,testículos,
0826030127352613,küdawün,küdaw–ün,verbo,trabajar,
08260901,küla,küla,sustantivo,tres,
082609052613082609043513,külfünkülen,külfünküle–n,verbo,estar activo,
082609080128,külkay,külkay,sustantivo,colgante,
0826090817,külko,külko,sustantivo,canasto,
08260909012822253513,küllaytun,küllaytu–n,verbo,lavarse el pelo,
08260909073513,küllin,külli–n,verbo,"acertar, achuntar",
08260909251222253513,küllumtun,küllumtu–n,verbo,lavar la cara,
0826091727,külow,külow,sustantivo,travesaño,
082612040409352613,kümeelün,kümeel–ün,verbo,reparar,
08261204090408013513,kümelekan,kümeleka–n,verbo,estar bien,
0826120409043513,kümelen,kümele–n,verbo,estoy bien,
0826120409080109043513,kümelkalen,kümelkale–n,verbo,estar bien,
082612040908013513,kümelkan,kümelka–n,verbo,ordenar,
082612041322253513,kümentun,kümentu–n,verbo,gustar,
082612042901082508171318012801281226132922010715291925080129120427,küme akukonpayaymün taiñ ruka mew,küme akukonpayaymün taiñ ruka mew,expresión,bienvenidos a nuestro hogar,
082612043513,kümen,küme–n,verbo,ser bueno,
0826130817292401190713,künko trarin,künko trarin,sustantivo,cola de caballo,
08261324173513,küntron,küntro–n,verbo,cojear,
0826180109352613,küpalün,küpal–ün,verbo,"traer (algo), hacer venir",
082618013513,küpan,küpa–n,verbo,venir,
0826192605222508251201272613,kürüftukumawün,kürüftukumawün,sustantivo,temporal,
08261926052901132226,kürüf antü,kürüf antü,expresión,día ventoso,
082624010922253513,kütraltun,kütraltu–n,verbo,hacer fuego,
0826242513,kütrun,kütrun,sustantivo,moño tomate,
08262726,küwü,küwü,sustantivo,mano,
090105080413,lafken,lafken,sustantivo,mar,
090112160413,lamngen,lamngen,sustantivo,hermana (entre mujeres; mujer y hombre),
0901162612352613,langümün,langüm–ün,verbo,matar,
09013513,lan,la–n,verbo,morir,
090405352613,lefün,lef–ün,verbo,correr,
090418263513,lepün,lepü–n,verbo,barrer,
090428043513,leyen,leye–n,verbo,leer,
0907020722253513,lichitun,lichitu–n,verbo,esp. tomar leche,
090705082609043513,lifkülen,lifküle–n,verbo,estar limpio,
09070522253513,liftun,liftu–n,verbo,limpiar,
090706,lig,lig,sustantivo,blanco,
0907180116,lipang,lipang,sustantivo,brazo,
09090103082609043513,lladkülen,lladküle–n,verbo,estar triste,
0909010308263513,lladkün,lladkü–n,verbo,"enojarse, frustrarse",
090901081709352613,llakolün,llakol–ün,verbo,"calmar, sanar",
09090112182603080413,llampüdken,llampüdken,sustantivo,mariposa,
09090116080105171917,llangkaforo,llangkaforo,sustantivo,clavícula,
0909012704,llawe,llawe,sustantivo,vientre,
09090406352613,llegün,lleg–ün,verbo,nacer,
0909041826,llepü,llepü,sustantivo,balay plano,
0909070804,llike,llike,sustantivo,muslo,
09090722253513,llitun,llitu–n,verbo,comenzar,
09091727032516253513,llowdungun,llowdungu–n,verbo,contestar,
09091727352613,llowün,llow–ün,verbo,recibir,
09092608013513,llikan,llüka–n,verbo,temer,
0917160817,longko,longko,sustantivo,cabeza,
09171608172912172817,longko moyo,longko moyo,sustantivo,pezón,
09250113,luan,luan,sustantivo,guanaco,
0925080122253513,lukatun,lukatu–n,verbo,insultar,
09250825,luku,luku,sustantivo,rodilla,
09250825222509043513,lukutulen,lukutule–n,verbo,estar de rodillas,
0926050804,lüfke,lüfke,sustantivo,relámpago,
0926182609043513,lüpülen,lüpüle–n,verbo,estar de guata,
09261826122527352613,lüpümuwün,lüpümuw–ün,verbo,quemarse,
0926182612352613,lüpümün,lüpüm–ün,verbo,quemar,
09261916043513,lürngen,lürnge–n,verbo,ser plano (p. ej. mapu),
1017280801,l'oyka,l'oyka,sustantivo,loica,
12010807,maki,maki,sustantivo,maqui,
1201082615,maküñ,maküñ,sustantivo,manto,
120109263513,malün,malü–n,verbo,"palpar, revisar",
12011304092527352613,maneluwün,maneluw–ün,verbo,"confiarse, tenerse esperanza",
1201130825272609352613,mankuwülün,mankuwül–ün,verbo,saludar con la mano derecha,
12011321011301,manshana,manshana,sustantivo,manzana,
1201152612352613,mañümün,mañüm–ün,verbo,agradecer,
1201160409352613,mangelün,mangel–ün,verbo,invitar,
12011825,mapu,mapu,sustantivo,tierra,
12011901,mara,mara,sustantivo,liebre,
12011907,mari,mari,sustantivo,diez,
120119072912011907,mari mari,mari mari,expresión,hola,
120120013513,masan,masa–n,verbo,amasar,
12012204222509352613,matetulün,matetul–ün,verbo,servir mate,
1201220422253513,matetun,matetu–n,verbo,tomar mate,
12012401,matra,matra,sustantivo,canilla,
120124012908262726,matra küwü,matra küwü,sustantivo,antebrazo,
1201272613,mawün,mawün,sustantivo,"lluvia, precipitación",
12012726132901132226,mawün antü,mawün antü,sustantivo,día lluvioso,
1201272613352613,mawünün,mawün–ün,verbo,llover,
12040907,meli,meli,sustantivo,cuatro,
120409090526272613,mellfüwün,mellfüwün,sustantivo,labios,
12041508070917160817222509043513,meñkilongkotulen,meñkilongkotule–n,verbo,"tener un penaño, mohicano",
12041508252704,meñkuwe,meñkuwe,sustantivo,cántaro,
1204151709352613,meñolün,meñol–ün,verbo,llenar,
120419080415,merkeñ,merkeñ,sustantivo,merquén,
120422012704,metawe,metawe,sustantivo,jarro,
12072801272609352613,miyawülün,miyawül–ün,verbo,"andar con algo, andar trayendo",
1207280127352613,miyawün,miyaw–ün,verbo,andar,
121713222509352613,montulün,montul–ün,verbo,"librar, salvar (algo)",
12171322253513,montun,montu–n,verbo,escapar,
121716043513,mongen,monge–n,verbo,vivir,
12172817,moyo,moyo,sustantivo,pechos,
1217281709352613,moyolün,moyol–ün,verbo,amamantar,
1225242519352613,mutrurün,mutrur–ün,verbo,tropezar,
1226020128,müchay,müchay,sustantivo,michay,
122603013513,müdan,müda–n,verbo,"moler, deshacer",
1226090427043513,mülewen,mülewe–n,verbo,quedar,
122609043513,mülen,müle–n,verbo,"estar, haber",
1226090917,müllo,müllo,sustantivo,sesos,
122609242613,mültrün,mültrün,sustantivo,catuto,
122613010929020116260909,münal changüll,münal changüll,sustantivo,dedo anular,
12261322253513,müntun,müntu–n,verbo,quitar,
1226150422253513,müñetun,müñetu–n,verbo,lavarse,
122616040922253513,müngeltun,müngeltu–n,verbo,obedecer,
122618263513,müpün,müpü–n,verbo,volar,
1226192609352613,mürülün,mürül–ün,verbo,gruñir,
1226242612352613,mütrümün,mütrüm–ün,verbo,llamar,
1301062612352613,nagümün,nagüm–ün,verbo,bajar (algo),
130106352613,nagün,nag–ün,verbo,"bajar, bajarse",
13011218260908013513,nampülkan,nampülka–n,verbo,"viajar, ir al extranjero",
1301122513,namun,namun,sustantivo,pie,
13011901160801,narangka,narangka,sustantivo,naranja,
13011905263513,narfün,narfü–n,verbo,humedecerse,
1301270409,nawel,nawel,sustantivo,jaguar,
13041322253513,nentun,nentu–n,verbo,sacar,
1304162612352613,nengümün,nengüm–ün,verbo,moverse,
130418043513,nepen,nepe–n,verbo,despertar,
1304192612,nerüm,nerüm,sustantivo,pulga,
130427041322253513,newentun,newentu–n,verbo,fortalecer,
130428263513,neyün,neyü–n,verbo,respirar,
1307043513,nien,nie–n,verbo,tener,
1317192612032516253513,norümdungun,norümdungu–n,verbo,"aclarar un asunto, hacer justicia",
1326032605352613,nüdüfün,nüdüf–ün,verbo,coser,
1326052609352613,nüfülün,nüfül–ün,verbo,"acercar, pasar, alcanzar",
132609013513,nülan,nüla–n,verbo,abrir,
1326122622253513,nümütun,nümütu–n,verbo,oler,
132612263513,nümün,nümü–n,verbo,"ser hediondo, tener olor",
1326160128352613,nüngayün,nüngay–ün,verbo,fastidiarse,
1326192605352613,nürüfün,nürüf–ün,verbo,cerrar,
13262825,nüyu,nüyu,sustantivo,chupón,
1326282613,nüyün,nüyün,sustantivo,"temblor, terremoto",
13263513,nün,nü–n,verbo,"coger, atrapar, cazar",
1501122612352613,ñamümün,ñamüm–ün,verbo,"perder, extraviar (algo)",
150112352613,ñamün,ñam–ün,verbo,"desaparecer, perderse",
1501190807,ñarki,ñarki,sustantivo,gato,
15012704,ñawe,ñawe,sustantivo,hija de papá,
1507120715,ñimiñ,ñimiñ,sustantivo,dibujo de telar,
1507120722253513,ñimitun,ñimitu–n,verbo,recoger,
1507270109043513,ñiwalen,ñiwale–n,verbo,"ser vivaracho, inteligente",
151709080715,ñolkiñ,ñolkiñ,sustantivo,ñolkiñ,
1526082605082609043513,ñüküfkülen,ñüküfküle–n,verbo,estar callado,
1526082605352613,ñüküfün,ñüküf–ün,verbo,"callarse, silenciarse",
160113352613,nganün,ngan–ün,verbo,sembrar al voleo,
160115081709043513,ngañkolen,ngañkole–n,verbo,"estar con sueño, decaído",
1604,nge,nge,sustantivo,ojo,
160409090718253513,ngellipun,ngellipu–n,verbo,"rogar, orar",
160709090108013513,ngillakan,ngillaka–n,verbo,hacer compras,
160709090122253513,ngillatun,ngillatu–n,verbo,pedir,
16070909013513,ngillan,ngilla–n,verbo,comprar,
16172812013513,ngoyman,ngoyma–n,verbo,olvidar,
162528263513,nguyün,nguyü–n,verbo,"olvidar, marearse",
1626090112352613,ngülamün,ngülam–ün,verbo,aconsejar,
162609090727,ngülliw,ngülliw,sustantivo,piñón,
1626090917080713,ngüllokin,ngüllokin,sustantivo,milloquin,
1626090925032704,ngülludwe,ngülludwe,sustantivo,palita para detalles,
1626091719263513,ngülorün,ngülorü–n,verbo,desgranar,
162612013513,ngüman,ngüma–n,verbo,llorar,
1626120722253513,ngümitun,ngümitu–n,verbo,recoger,
162613012822253513,ngünaytun,ngünaytu–n,verbo,"compadecerse, cuidar",
1626130403250112352613,ngüneduamün,ngüneduam–ün,verbo,"fijarse, reflexionar",
162613041308013513,ngünenkan,ngünenka–n,verbo,"engañar, mentir",
16261508263513,ngüñkün,ngüñkü–n,verbo,"amasar, frotar, refregar",
162615263513,ngüñün,ngüñü–n,verbo,tener hambre,
1626182608013513,ngüpükan,ngüpüka–n,verbo,"pintar, dibujar",
1626190408013513,ngürekan,ngüreka–n,verbo,tejer apretando,
162619042704,ngürewe,ngürewe,sustantivo,apretador,
16261926,ngürü,ngürü,sustantivo,zorro,
162624011208013513,ngütramkan,ngütramka–n,verbo,conversar,
1626242612352613,ngütrümün,ngütrüm–ün,verbo,llamar,
1708260909352613,oküllün,oküll–ün,verbo,"desgranar (p, ej, wa)",
1719081713,orkon,orkon,sustantivo,orquilla,
1801052401,paftra,paftra,sustantivo,mejilla,
1801090708011322253513,palikantun,palikantu–n,verbo,jugar palin,
180109073513,palin,pali–n,verbo,jugar palin,
18010909071801090907,pallipalli,pallipalli,sustantivo,tobillo,
180115072901132226,pañi antü,pañi antü,sustantivo,día soleado,
18011607,pangi,pangi,sustantivo,puma,
18011608173513,pangkon,pangko–n,verbo,abrazar,
180118040922253513,papeltun,papeltu–n,verbo,esp. leer,
180122010801,pataka,pataka,sustantivo,cien,
180128090109043513,paylalen,paylale–n,verbo,estar de espalda,
1801281304,payne,payne,sustantivo,celeste,
1801282513,payun,payun,sustantivo,barba,
1801282513222509043513,payuntulen,payuntule–n,verbo,tener barba,
1804090908043513,pellken,pellke–n,verbo,asustarse,
180412043513,pemen,peme–n,verbo,"ir a visitar, ir a ver",
180413240128352613,pentrayün,pentray–ün,verbo,flotar,
18041507,peñi,peñi,sustantivo,hermano (entre hombres),
1804160409352613,pengelün,pengel–ün,verbo,mostrar,
1804160801,pengka,pengka,sustantivo,zapallo,
180418013513,pepan,pepa–n,verbo,"venir a visitar, venir a ver",
18041807080109352613,pepikalün,pepikal–ün,verbo,preparar algo,
18041807080127352613,pepikawün,pepikaw–ün,verbo,prepararse,
1804180708013513,pepikan,pepika–n,verbo,preparar,
180422253513,petun,petu–n,verbo,encontrar algo perdido,
18042708010909010409,pewkallael,pewkallael,expresión,"hasta luego, adiós, chao",
18042712013513,pewman,pewma–n,verbo,soñar,
18042726,pewü,pewü,sustantivo,primavera,
180427263513,pewün,pewü–n,verbo,brotar,
18043513,pen,pe–n,verbo,"ver, encontrar",
1807092513,pilun,pilun,sustantivo,oreja,
180712253513,pimun,pimu–n,verbo,"hinchar, soplar",
1807130301,pinda,pinda,sustantivo,colibrí,
18071326280804,pinüyke,pinüyke,sustantivo,murciélago,
180716043513,pingen,pinge–n,verbo,llamarse,
180719043513,piren,pire–n,verbo,"nevar, granizar",
1807240127352613,pitrawün,pitraw–ün,verbo,"ampollarse, formarse una ampolla",
1807242628352613,pitrüyün,pitrüy–ün,verbo,sentir una puntada,
1807270804,piwke,piwke,sustantivo,corazón,
180727080428043513,piwkeyen,piwkeye–n,verbo,amar,
180727080429020116260909,piwke changüll,piwke changüll,sustantivo,dedo medio,
1807272612352613,piwümün,piwüm–ün,verbo,secar,
18073513,pin,pi–n,verbo,"decir, desear, querer",
1817032612352613,podümün,podüm–ün,verbo,ensuciar,
18171526,poñü,poñü,sustantivo,papa,
1817211713082609043513,poshonkülen,poshonküle–n,verbo,estar dobladito/a,
181728043513,poyen,poye–n,verbo,"tratar con cariño, agasajar",
181728352613,poyün,poy–ün,verbo,"hincharse, inflamarse",
18250326,pudü,pudü,sustantivo,pudú,
1825080412,pukem,pukem,sustantivo,invierno,
182509072704132225,puliwentu,puliwentu,sustantivo,"temprano, en la mañana",
182513,pun,pun,sustantivo,noche,
18251329120128,pun may,pun may,expresión,buenas noches,
18251518252801,puñpuya,puñpuya,sustantivo,axila,
18251901,pura,pura,sustantivo,ocho,
182519253513,purun,puru–n,verbo,bailar,
1825272609240718011322253513,puwültripantun,puwültripantu–n,verbo,cumplir años,
182527352613,puwün,puw–ün,verbo,llegar allá,
18260207182619013513,püchipüran,püchipüra–n,verbo,ser bajo,
18260207192512043513,püchirumen,püchirume–n,verbo,ser delgado,
18260207192518013513,püchirupan,püchirupa–n,verbo,ser angosto,
18260207222527352613,püchituwün,püchituw–ün,verbo,ser corto de distancia,
1826022629020116260909,püchü changüll,püchü changüll,sustantivo,dedo meñique,
1826032612352613,püdümün,püdüm–ün,verbo,"difundir, espesar alimentos",
182603352613,püdün,püd–ün,verbo,ser espeso,
1826052609090801,püfüllka,püfüllka,sustantivo,pifilca,
18260901282908262726,pülay küwü,pülay küwü,sustantivo,palma mano,
182609090409043513,püllelen,püllele–n,verbo,estar cerca,
18260924263513,pültrün,pültrü–n,verbo,colgar,
182613020128290917160817,pünchay longko,pünchay longko,sustantivo,cabello suelto,
182613173513,pünon,püno–n,verbo,pisar,
182613222609352613,püntülün,püntül–ün,verbo,"dividir, separar",
1826132613,pünün,pünün,sustantivo,pene,
1826150415,püñeñ,püñeñ,sustantivo,hijos de mamá,
18261901080127040909253513,pürakawellun,pürakawellu–n,verbo,montar a caballo,
18261901122902011804,püram chape,püram chape,sustantivo,trenza cintillo,
1826190112352613,püramün,püram–ün,verbo,hacer subir,
182619013513,püran,püra–n,verbo,subir,
1826221708172704,pütokowe,pütokowe,sustantivo,vaso,
1826221708173513,pütokon,pütoko–n,verbo,"tomar líquido, tomar agua",
18262401,pütra,pütra,sustantivo,estómago,
1901080703250112352613,rakiduamün,rakiduam–ün,verbo,pensar,
1901080715,rakiñ,rakiñ,sustantivo,bandurria,
190108073513,rakin,raki–n,verbo,contar,
1901082612352613,rakümün,raküm–ün,verbo,"cerrar (algo), encerrar, trancar",
19010907,rali,rali,sustantivo,plato,
19011222253513,ramtun,ramtu–n,verbo,preguntar,
190116071504092704,rangiñelwe,rangiñelwe,sustantivo,listón auxiliar,
1901280413,rayen,rayen,sustantivo,flor,
1901282613,rayün,rayün,sustantivo,florecer,
190128263513,rayün,rayü–n,verbo,florecer,
1904060904,regle,regle,sustantivo,siete,
1904082609082609043513,rekülkülen,rekülküle–n,verbo,estar afirmado/a,
1904091226,relmü,relmü,sustantivo,arcoiris,
190429050409043513,re felen,re fele–n,verbo,"estar libre, desocupado",
19071226,rimü,rimü,sustantivo,otoño,
190727082612352613,riwkümün,riwküm–ün,verbo,"meter bullar, ruido, hacer sonar",
1917052609352613,rofülün,rofül–ün,verbo,abrazar,
1917131722253513,ronotun,ronotu–n,verbo,hornear,
19250825,ruku,ruku,sustantivo,pecho,
19250912043513,rulmen,rulme–n,verbo,tragar,
192512043513,rumen,rume–n,verbo,pasar hacia allá,
192518013513,rupan,rupa–n,verbo,"pasar hacia aquí, suceder",
1926071608263513,ringkün,rüingkü–n,verbo,saltar,
1926090409043513,rülelen,rülele–n,verbo,estar resfriado,
1926130122253513,rünatun,rünatu–n,verbo,peinarse,
1926160109290817050804,rüngal kofke,rüngal kofke,sustantivo,tortilla de rescoldo,
1926160109352613,rüngalün,rüngal–ün,verbo,enterrar,
192616013513,rüngan,rünga–n,verbo,cavar,
192616081728,rüngkoy,rüngkoy,sustantivo,talón,
19261608263513,rüngkün,rüngkü–n,verbo,saltar,
1926162612352613,rüngümün,rüngüm–ün,verbo,moler,
192624013513,rütran,rütra–n,verbo,trabajar en platería,
2001152704,sañwe,sañwe,sustantivo,chancho,
20070809042201,sikleta,sikleta,sustantivo,bicicleta,
202608260909,süküll,süküll,sustantivo,prendedor,
220108253513,takun,taku–n,verbo,"vestir; cubrir, tapar",
22042805263513,teyfün,teyfü–n,verbo,derrumbarse (p. ej. construcciones),
2217080708251901,tokikura,tokikura,sustantivo,piedra de toki,
221709,tol,tol,sustantivo,frente,
22171317132704,tononwe,tononwe,sustantivo,listón portalizos,
2217180409,topel,topel,sustantivo,nuca,
222508250918013513,tukulpan,tukulpa–n,verbo,"acordarse, recordar",
22250825092527352613,tukuluwün,tukuluw–ün,verbo,vestir,
22250825222527352613,tukutuwün,tukutuw–ün,verbo,vestirse,
22250825240113352613,tukutranün,tukutran–ün,verbo,"enfermarse, contagiarse",
222508253513,tukun,tuku–n,verbo,"echar, poner, sembrar",
22251825,tupu,tupu,sustantivo,alfiler para ropa,
222519011617,turango,turango,sustantivo,durazno,
2225272613,tuwün,tuwün,sustantivo,"origen, genealogía",
222527352613,tuwün,tuw–ün,verbo,provenir,
22253513,tun,tu–n,verbo,"agarrar, recoger",
222616352613,tüngün,tüng–ün,verbo,"parar, apaciguarse",
24010522253513,traftun,traftu–n,verbo,oponer,
240109080113082609043513,tralkankülen,tralkanküle–n,verbo,"haber truenos, estar tronando",
240109080122253513,tralkatun,tralkatu–n,verbo,disparar,
2401130109043513,tranalen,tranale–n,verbo,estar echado,
2401130113041322252902011804,trananentu chape,trananentu chape,sustantivo,trenzas que caen,
2401130113222508253513,tranantukun,tranantuku–n,verbo,dejar recostado,
24011301240118072704,tranatrapiwe,tranatrapiwe,sustantivo,mortero,
2401130127352613,tranawün,tranaw–ün,verbo,recostarse,
240113013513,tranan,trana–n,verbo,"machacar, botarse",
24011322253513,trantun,trantu–n,verbo,"pasar a botar, hacer zancadillas",
240113263513,tranün,tranü–n,verbo,caer,
2401160124011601,trangatranga,trangatranga,sustantivo,mandíbula,
2401160907152901132226,trangliñ antü,trangliñ antü,sustantivo,dia con helada,
240116090715352613,trangliñün,trangliñ–ün,verbo,"helar, escarcharse",
2401180409,trapel,trapel,sustantivo,amarras,
24011804090108250201,trapelakucha,trapelakucha,sustantivo,adorno pectoral,
2401180409352613,trapelün,trapel–ün,verbo,amarrar,
24011807,trapi,trapi,sustantivo,ají,
2401182612352613,trapümün,trapüm–ün,verbo,juntar,
240119070917160817,trarilongko,trarilongko,sustantivo,cinto,
240119072704,trariwe,trariwe,sustantivo,faja cintura,
240119073513,trarin,trari–n,verbo,amarrar,
24011925,traru,traru,sustantivo,aguilucho,
24012701,trawa,trawa,sustantivo,piel,
24012726092527352613,trawüluwün,trawüluw–ün,verbo,reunirse,
2401272609352613,trawülün,trawül–ün,verbo,juntar,
2401272613,trawün,trawün,sustantivo,"junta, reunión",
240127263513,trawün,trawü–n,verbo,reunirse,
2401280105352613,trayafün,trayaf–ün,verbo,"deslizarse, resbalar",
2401280128352613,trayayün,trayay–ün,verbo,ser duro (p. ej. kofke),
240406260909,tregüll,tregüll,sustantivo,queltehue,
240408013513,trekan,treka–n,verbo,caminar,
2404121709043513,tremolen,tremole–n,verbo,estar sano,
2404121709352613,tremolün,tremol–ün,verbo,sanar,
2404122612352613,tremümün,tremüm–ün,verbo,criar,
240412352613,tremün,trem–ün,verbo,crecer,
240416081709352613,trengkolün,trengkol–ün,verbo,formar terrones,
240418043513,trepen,trepe–n,verbo,despertar,
24042701,trewa,trewa,sustantivo,perro,
24071801132225,tripantu,tripantu,sustantivo,año,
240718013513,tripan,tripa–n,verbo,salir,
2407190108013513,trirakan,triraka–n,verbo,"partir, hacer tiras",
240719013513,triran,trira–n,verbo,partir formando tiras,
240727352613,triwün,triw–ün,verbo,"enfriarse, entibiarse un poco",
241708073513,trokin,troki–n,verbo,"opinar, creer, parecer",
2417121804,trompe,trompe,sustantivo,trompe,
241712262901132226,tromü antü,tromü antü,sustantivo,día con nubes ,
24171226291201272613,tromü mawün,tromü mawün,sustantivo,condensación,
241712263513,tromün,tromü–n,verbo,nublarse,
24172808262726,troyküwü,troyküwü,sustantivo,muñeca,
24250826192901132226,trukür antü,trukür antü,sustantivo,día con neblina,
2425090724250907,trulitruli,trulitruli,sustantivo,codo,
2425180405352613,trupefün,trupef–ün,verbo,asustar,
242524250801,trutruka,trutruka,sustantivo,trutruca,
2426192612352613,trürümün,trürüm–ün,verbo,igualar,
25050103,ufad,ufad,sustantivo,uvas,
2505072001,ufisa,ufisa,sustantivo,oveja,
25120115352613,umañün,umañ–ün,verbo,alojarse,
2512012722253513,umawtun,umawtu–n,verbo,dormir,
251207,umi,umi,sustantivo,pestaña,
252701,uwa,uwa,sustantivo,choclo,
25270112352613,uwamün,uwam–ün,verbo,"sentir, atender",
2603043513,üden,üde–n,verbo,odiar,
260826090901,ükülla,ükülla,sustantivo,rebozo,
26090719352613,ülirün,ülir–ün,verbo,masajear,
260908011322253513,ülkantun,ülkantu–n,verbo,cantar,
2609161703352613,ülngodün,ülngod–ün,verbo,zafarse,
260924043513,ültren,ültre–n,verbo,empujar,
26130122253513,ünatun,ünatu–n,verbo,"picar (p. ej. bichos), morder",
261507,üñi,üñi,sustantivo,murta,
261507180719043513,üñipiren,üñipire–n,verbo,nevar,
2615072918071904,üñi pire,üñi pire,sustantivo,nieve,
2615073513,üñin,üñi–n,verbo,nevar,
26162612352613,üngümün,üngüm–ün,verbo,esperar,
2619082622253513,ürkütun,ürkütu–n,verbo,descansar,
261908263513,ürkün,ürkü–n,verbo,cansar,
26240719352613,ütrirün,ütrir–ün,verbo,envidiar,
26242605222508253513,ütrüftukun,ütrüftuku–n,verbo,colocar lanzando,
2624260522253513,ütrüftun,ütrüftu–n,verbo,arrojar,
26242605352613,ütrüfün,ütrüf–ün,verbo,tirar,
2628222508253513,üytukun,üytuku–n,verbo,colocar nombre,
26282612263513,üyümün,üyümü–n,verbo,"prender, encender",
27010301,wada,wada,sustantivo,guada,
270103082612352613,wadkümün,wadküm–ün,verbo,hacer hervir (p. ej. el agua),
27010308263513,wadkün,wadkü–n,verbo,hervir,
27010801,waka,waka,sustantivo,vaca,
2701092616,walüng,walüng,sustantivo,verano,
27011608263513,wangkün,wangkü–n,verbo,ladrar,
27011901160801,warangka,warangka,sustantivo,mil,
2701190701,waria,waria,sustantivo,ciudad,
270128022605352613,waychüfün,waychüf–ün,verbo,"invertir, dar vuelta",
2704020119352613,wecharün,wechar–ün,verbo,romper,
270402250913041322253513,wechulnentun,wechulnentu–n,verbo,"completar, concluir",
2704022509352613,wechulün,wechul–ün,verbo,"cumplir, llevar a cabo",
270402253513,wechun,wechu–n,verbo,"terminar, subir",
270403012903250112082609043513,weda duamkülen,weda duamküle–n,verbo,"estar preocupado, sentirse mal",
270405352613,wefün,wef–ün,verbo,aparecer,
270407020113,weichan,weichan,sustantivo,lucha,
270409090712352613,wellimün,wellim–ün,verbo,vaciar,
2704092508013513,welukan,weluka–n,verbo,vender,
270409250908013513,welulkan,welulka–n,verbo,equivocar,
270409253513,welun,welu–n,verbo,cruzarse,
270412253513,wemun,wemu–n,verbo,corretear,
2704132425291826150415,wentru püñeñ,wentru püñeñ,sustantivo,hijo de mamá,
2704150116082609043513,weñangkülen,weñangküle–n,verbo,estar triste,
270415011608263513,weñangkün,weñangkü–n,verbo,echar de menos,
27041502042908011926,weñche karü,weñche karü,sustantivo,verde claro,
270415043513,weñen,weñe–n,verbo,robar,
270419073513,werin,weri–n,verbo,"rechazar comida, regodear",
27041908263513,werkün,werkü–n,verbo,"mandar, enviar (p. ej. mensaje)",
2704210109080109043513,weshalkalen,weshalkale–n,verbo,estar mal,
270427180722253513,wewpitun,wewpitu–n,verbo,"arengar, hacer wewpitun",
27042718073513,wewpin,wewpi–n,verbo,"dialogar, relatar",
270427352613,wewün,wew–ün,verbo,ganar,
2704280409352613,weyelün,weyel–ün,verbo,nadar,
2707022509352613,wichulün,wichul–ün,verbo,separar,
270703182613222508253513,widpüntukun,widpüntuku–n,verbo,vertir granos o cosas molidas,
270703263513,widün,widü–n,verbo,"trabajar en greda, moldear",
270703270703222508253513,widwidtukun,widwidtuku–n,verbo,espolvorear,
270708040508013513,wikefkan,wikefka–n,verbo,sacar pedazos de pan,
2707082619352613,wikürün,wikür–ün,verbo,rasgar,
27071222253513,wimtun,wimtu–n,verbo,acostumbrarse,
2707150112352613,wiñamün,wiñam–ün,verbo,acarrear,
270715170922253513,wiñoltun,wiñoltu–n,verbo,devolver,
2707151722253513,wiñotun,wiñotu–n,verbo,volver,
270715173513,wiñon,wiño–n,verbo,volver,
2707190119352613,wirarün,wirar–ün,verbo,gritar,
2707190713222508253513,wirintukun,wirintuku–n,verbo,escribir,
270719073513,wirin,wiri–n,verbo,"rayar, escribir",
270719253513,wirun,wiru–n,verbo,"descascarar, sacar la cáscara",
2707240109,witral,witral,sustantivo,telar mapuche,
2707240109043513,witralen,witrale–n,verbo,estar de pie,
270724011308171322253513,witrankontun,witrankontu–n,verbo,visitar,
270724011316043513,witranngen,witrannge–n,verbo,"ser visitado, tener visitar",
27072401151826190112352613,witrañpüramün,witrañpüram–ün,verbo,alzar,
27072401302707240109,witra-witral,witra-witral,sustantivo,parante,
270724013513,witran,witra–n,verbo,levantarse,
27072425041322253513,witruentun,witruentu–n,verbo,"vertir agua (p. ej. sacando), servir agua",
27072425130119352613,witrunarün,witrunar–ün,verbo,chorrear,
2707242513222508253513,witruntukun,witruntuku–n,verbo,vertir líquidos adentro,
270727263513,wiwün,wiwü–n,verbo,tener sed,
2707282609352613,wiyülün,wiyül–ün,verbo,endilgar,
27260301031712173513,wüdadomon,wüdadomo–n,verbo,"divorciarse, separarse de la mujer",
2726030112352613,wüdamün,wüdam–ün,verbo,"dividir, repartir",
2726030127041324253513,wüdawentrun,wüdawentru–n,verbo,"divorciarse, separarse del hombre",
272609352613,wülün,wül–ün,verbo,dar,
272613,wün,wün,sustantivo,boca,
27261326080127263513,wünükawün,wünükawü–n,verbo,ser serpenteado,
27261517092924071801132225,wüñol tripantu,wüñol tripantu,expresión,regreso del año,
2726192726132912011825,würwün mapu,würwün mapu,sustantivo,transpiración del agua,
2726240416043513,wütrengen,wütrenge–n,verbo,ser frío,
272624043513,wütren,wütre–n,verbo,tener frío,
28010526092527352613,yafüluwün,yafüluw–ün,verbo,animarse,
28010909,yall,yall,sustantivo,hijos de papá,
280112352613,yamün,yam–ün,verbo,respetar,
280128352613,yayün,yay–ün,verbo,granizar,
280412043513,yemen,yeme–n,verbo,ir a buscar algo,
28041304,yene,yene,sustantivo,ballena,
280418013513,yepan,yepa–n,verbo,venir a buscar,
280427043513,yewen,yewe–n,verbo,avergonzarse,
28043513,yen,ye–n,verbo,llevar,
2807270715290817050804,yiwiñ kofke,yiwiñ kofke,sustantivo,sopaipilla,
2826,yü,yü,sustantivo,nariz,
